Depo_Id,Location
1,"(18.567936, 73.90933199999999)"
2,"(18.5734634, 73.9109977)"
