vehical_ID,Capacity,current_loc
1,15,"(18.567936, 73.90933199999999)"
2,15,"(18.5694909, 73.9119977)"
3,15,"(18.5654227, 73.90741919999999)"
4,15,"(18.5713497, 73.91981609999999)"
5,15,"(18.567936, 73.90933199999999)"
6,15,"(18.5692631, 73.9072675)"
7,15,"(18.5570334, 73.9074778)"
8,15,"(18.5729076, 73.9017355)"
9,15,"(18.568976, 73.9104313)"
10,15,"(18.5709922, 73.90265959999999)"
